{
  "model_name": "LSTM_5targets_50units",
  "timestamp": "20251002_173028",
  "metrics": {
    "spearman_correlations": [
      0.06046277665995975,
      -0.13038229376257543,
      0.04362843729040912,
      -0.006740442655935613,
      -0.018544600938967135
    ],
    "spearman_pvalues": [
      0.6164527589961353,
      0.27847372203421655,
      0.7179001628157866,
      0.9555103227073573,
      0.8780046671260554
    ],
    "pearson_correlations": [
      0.033059582114219666,
      -0.1278577446937561,
      0.08083149790763855,
      -0.03272636979818344,
      0.015220984816551208
    ],
    "pearson_pvalues": [
      0.7843187182221812,
      0.2879662746928561,
      0.5027896832000069,
      0.786440658994095,
      0.8997436617044268
    ],
    "rmses": [
      0.014382984064973316,
      0.030528952386259755,
      0.011504543856306637,
      0.014434785721893427,
      0.013705044661788622
    ],
    "maes": [
      0.012999065220355988,
      0.02802366018295288,
      0.009361068718135357,
      0.01190370786935091,
      0.011507402174174786
    ],
    "valid_samples": [
      71,
      71,
      71,
      71,
      71
    ],
    "total_samples": [
      71,
      71,
      71,
      71,
      71
    ],
    "missing_ratios": [
      0.0,
      0.0,
      0.0,
      0.0,
      0.0
    ],
    "mean_spearman": -0.010315224681421861,
    "median_spearman": -0.006740442655935613,
    "mean_pearson": -0.006294409744441509,
    "median_pearson": 0.015220984816551208,
    "mean_rmse": 0.01691126213824435,
    "median_rmse": 0.014382984064973316,
    "mean_mae": 0.014758980832993984,
    "median_mae": 0.01190370786935091,
    "target_names": [
      "target_0",
      "target_1",
      "target_2",
      "target_3",
      "target_4"
    ],
    "n_targets": 5,
    "official_competition_score": 0.004656782528301077,
    "daily_rank_correlations": [
      -0.8999999999999998,
      0.3,
      0.8999999999999998,
      -0.19999999999999998,
      -0.7,
      0.09999999999999999,
      0.7,
      -0.3,
      -0.49999999999999994,
      -0.3,
      0.7,
      0.7999999999999999,
      0.39999999999999997,
      -0.3,
      -0.8999999999999998,
      0.0,
      -0.39999999999999997,
      -0.7,
      0.8999999999999998,
      0.19999999999999998,
      0.0,
      0.7999999999999999,
      -0.8999999999999998,
      0.7999999999999999,
      -0.7,
      0.09999999999999999,
      0.7999999999999999,
      0.3,
      0.3,
      -0.6,
      -0.09999999999999999,
      0.8999999999999998,
      -0.3,
      0.7,
      -0.09999999999999999,
      -0.7,
      -0.7,
      -0.09999999999999999,
      0.8999999999999998,
      0.0,
      0.6,
      -0.39999999999999997,
      -0.49999999999999994,
      -0.8999999999999998,
      0.39999999999999997,
      0.19999999999999998,
      0.0,
      0.49999999999999994,
      0.0,
      -0.8999999999999998,
      -0.3,
      0.09999999999999999,
      0.6,
      0.7,
      -0.09999999999999999,
      -0.7,
      -0.9999999999999999,
      0.39999999999999997,
      -0.09999999999999999,
      -0.8999999999999998,
      -0.3,
      0.9999999999999999,
      0.8999999999999998,
      -0.8999999999999998,
      -0.6,
      0.7999999999999999,
      0.49999999999999994,
      0.6,
      -0.8999999999999998,
      -0.49999999999999994,
      0.7
    ],
    "mean_daily_correlation": 0.002816901408450706,
    "std_daily_correlation": 0.6049029327290466,
    "median_daily_correlation": 0.0,
    "positive_days": 32,
    "total_days": 71,
    "positive_day_ratio": 0.4507042253521127,
    "n_samples": 71
  },
  "competition_score": 0.004656782528301077
}