{
  "model_name": "LSTM_3targets_50units",
  "timestamp": "20251002_172017",
  "metrics": {
    "spearman_correlations": [
      0.07840375586854459,
      0.0323608316566063,
      -0.08390342052313882
    ],
    "spearman_pvalues": [
      0.5157458473554566,
      0.7887706339659498,
      0.4866405542693075
    ],
    "pearson_correlations": [
      -0.015193657949566841,
      -0.029628612101078033,
      -0.14949153363704681
    ],
    "pearson_pvalues": [
      0.8999225457885559,
      0.8062413720973977,
      0.21339458032097947
    ],
    "rmses": [
      0.010593076720471892,
      0.013683899738720766,
      0.012341906370821833
    ],
    "maes": [
      0.009028862230479717,
      0.01101903710514307,
      0.01004970632493496
    ],
    "valid_samples": [
      71,
      71,
      71
    ],
    "total_samples": [
      71,
      71,
      71
    ],
    "missing_ratios": [
      0.0,
      0.0,
      0.0
    ],
    "mean_spearman": 0.008953722334004025,
    "median_spearman": 0.0323608316566063,
    "mean_pearson": -0.06477126479148865,
    "median_pearson": -0.029628612101078033,
    "mean_rmse": 0.012206294276671498,
    "median_rmse": 0.012341906370821833,
    "mean_mae": 0.010032535220185915,
    "median_mae": 0.01004970632493496,
    "target_names": [
      "target_0",
      "target_1",
      "target_2"
    ],
    "n_targets": 3
  },
  "competition_score": 0.008953722334004025
}