{
  "model_name": "LSTM_5targets_16units",
  "timestamp": "20251002_181926",
  "metrics": {
    "spearman_correlations": [
      -0.37366946778711485,
      0.09607843137254903,
      -0.13137254901960785,
      0.11204481792717086,
      -0.1131652661064426
    ],
    "spearman_pvalues": [
      0.027024557644967733,
      0.5829797449024885,
      0.4518985449976207,
      0.5216426883731395,
      0.517460559127039
    ],
    "pearson_correlations": [
      -0.419813871383667,
      0.08658085018396378,
      -0.0955573245882988,
      0.09218183159828186,
      -0.08250927925109863
    ],
    "pearson_pvalues": [
      0.01205047871859811,
      0.6209196874563776,
      0.5850344023769624,
      0.5984208893104397,
      0.637491700552155
    ],
    "rmses": [
      0.041085714104765546,
      0.05017712593875328,
      0.029201995676098616,
      0.0441921849749935,
      0.04932185416770736
    ],
    "maes": [
      0.04072960093617439,
      0.04668296501040459,
      0.025770455598831177,
      0.03925487399101257,
      0.047200918197631836
    ],
    "valid_samples": [
      35,
      35,
      35,
      35,
      35
    ],
    "total_samples": [
      35,
      35,
      35,
      35,
      35
    ],
    "missing_ratios": [
      0.0,
      0.0,
      0.0,
      0.0,
      0.0
    ],
    "mean_spearman": -0.08201680672268909,
    "median_spearman": -0.1131652661064426,
    "mean_pearson": -0.083823561668396,
    "median_pearson": -0.08250927925109863,
    "mean_rmse": 0.04279577497246366,
    "median_rmse": 0.0441921849749935,
    "mean_mae": 0.03992776274681091,
    "median_mae": 0.04072960093617439,
    "target_names": [
      "target_0",
      "target_1",
      "target_2",
      "target_3",
      "target_4"
    ],
    "n_targets": 5,
    "official_competition_score": 0.09645957309940964,
    "daily_rank_correlations": [
      -0.19999999999999998,
      0.6,
      -0.09999999999999999,
      -0.6,
      0.5642880936468347,
      -0.49999999999999994,
      0.09999999999999999,
      0.3,
      0.6,
      0.3,
      0.3,
      0.8999999999999998,
      -0.8999999999999998,
      0.49999999999999994,
      0.7999999999999999,
      -0.7999999999999999,
      -0.7,
      -0.49999999999999994,
      -0.7999999999999999,
      0.3,
      0.39999999999999997,
      -0.7,
      0.7,
      0.3,
      -0.49999999999999994,
      0.49999999999999994,
      0.9999999999999999,
      -0.8999999999999998,
      0.7999999999999999,
      0.8999999999999998,
      -0.49999999999999994,
      0.09999999999999999,
      0.09999999999999999,
      -0.3,
      -0.09999999999999999
    ],
    "mean_daily_correlation": 0.056122516961338145,
    "std_daily_correlation": 0.5818242312092674,
    "median_daily_correlation": 0.09999999999999999,
    "positive_days": 20,
    "total_days": 35,
    "positive_day_ratio": 0.5714285714285714,
    "n_samples": 35
  },
  "competition_score": 0.09645957309940964
}