{
  "model_name": "LSTM_5targets_64units",
  "timestamp": "20251002_174518",
  "metrics": {
    "spearman_correlations": [
      0.11177062374245472,
      0.17186452045606973,
      0.12260228034875922,
      0.033769282360831654,
      0.004929577464788732
    ],
    "spearman_pvalues": [
      0.3534120956348924,
      0.1518180118173921,
      0.3084037481697008,
      0.7798042857826711,
      0.9674550964063344
    ],
    "pearson_correlations": [
      0.06893277168273926,
      0.13373541831970215,
      0.1030726507306099,
      0.02469007670879364,
      -0.033324845135211945
    ],
    "pearson_pvalues": [
      0.567858571079919,
      0.26619144411241263,
      0.3923457999491259,
      0.8380563331972369,
      0.7826306363458471
    ],
    "rmses": [
      0.008294912500546833,
      0.014779309928813164,
      0.012737805405992092,
      0.018427529959310546,
      0.023226859343588934
    ],
    "maes": [
      0.006818254943937063,
      0.011851080693304539,
      0.010307756252586842,
      0.015149492770433426,
      0.019774900749325752
    ],
    "valid_samples": [
      71,
      71,
      71,
      71,
      71
    ],
    "total_samples": [
      71,
      71,
      71,
      71,
      71
    ],
    "missing_ratios": [
      0.0,
      0.0,
      0.0,
      0.0,
      0.0
    ],
    "mean_spearman": 0.0889872568745808,
    "median_spearman": 0.11177062374245472,
    "mean_pearson": 0.05942121893167496,
    "median_pearson": 0.06893277168273926,
    "mean_rmse": 0.015493283427650315,
    "median_rmse": 0.014779309928813164,
    "mean_mae": 0.012780297081917524,
    "median_mae": 0.011851080693304539,
    "target_names": [
      "target_0",
      "target_1",
      "target_2",
      "target_3",
      "target_4"
    ],
    "n_targets": 5,
    "official_competition_score": 0.05873380467789383,
    "daily_rank_correlations": [
      -0.49999999999999994,
      0.19999999999999998,
      0.6,
      0.0,
      0.0,
      -0.3,
      -0.7999999999999999,
      0.49999999999999994,
      -0.09999999999999999,
      -0.3,
      0.7999999999999999,
      0.6,
      0.39999999999999997,
      -0.19999999999999998,
      -0.19999999999999998,
      -0.09999999999999999,
      0.09999999999999999,
      -0.49999999999999994,
      -0.09999999999999999,
      -0.3,
      -0.09999999999999999,
      0.7999999999999999,
      -0.7,
      0.8999999999999998,
      -0.6,
      0.3,
      0.6,
      0.09999999999999999,
      0.49999999999999994,
      -0.7,
      0.19999999999999998,
      0.7999999999999999,
      -0.49999999999999994,
      0.39999999999999997,
      -0.3,
      -0.3,
      -0.6,
      0.3,
      -0.8999999999999998,
      -0.19999999999999998,
      -0.19999999999999998,
      -0.6,
      0.09999999999999999,
      -0.09999999999999999,
      0.6,
      0.7999999999999999,
      -0.49999999999999994,
      0.0,
      -0.49999999999999994,
      0.19999999999999998,
      0.09999999999999999,
      -0.49999999999999994,
      0.7,
      0.8999999999999998,
      0.09999999999999999,
      0.19999999999999998,
      -0.49999999999999994,
      -0.09999999999999999,
      0.3,
      0.19999999999999998,
      0.39999999999999997,
      0.0,
      0.3,
      -0.09999999999999999,
      -0.49999999999999994,
      0.39999999999999997,
      0.19999999999999998,
      0.7,
      -0.19999999999999998,
      -0.39999999999999997,
      0.09999999999999999
    ],
    "mean_daily_correlation": 0.02676056338028169,
    "std_daily_correlation": 0.4556245509215888,
    "median_daily_correlation": 0.0,
    "positive_days": 34,
    "total_days": 71,
    "positive_day_ratio": 0.4788732394366197,
    "n_samples": 71
  },
  "competition_score": 0.05873380467789383
}