{
  "model_name": "LSTM_20targets_32units",
  "timestamp": "20251002_181546",
  "metrics": {
    "spearman_correlations": [
      -0.10292938637064446,
      -0.04853530681467777,
      -0.04224483502929386,
      0.042614862781375266,
      0.16016034535923526,
      0.16053037311131668,
      -0.024730188097440643,
      0.0835646006783842,
      -0.0566759173604687,
      0.040888066604995374,
      -0.24440333024976876,
      0.0975023126734505,
      -0.11982732038236199,
      -0.075177304964539,
      -0.08294788775824853,
      -0.021276595744680854,
      -0.0061054579093432005,
      -0.22972556275053962,
      0.05445575084798027,
      -0.1372186247301881
    ],
    "spearman_pvalues": [
      0.4960611330313519,
      0.748731802421671,
      0.7804307819912819,
      0.7785557899099409,
      0.28766940526017826,
      0.2865425178117136,
      0.8704104315545412,
      0.5808577112240549,
      0.7083172868042915,
      0.787316230671396,
      0.10164378691377282,
      0.5191654038889455,
      0.42765759511994283,
      0.6195072418771213,
      0.5836621390112616,
      0.8883839850384343,
      0.9678778978613773,
      0.12458320239007499,
      0.7192663910533934,
      0.3631593713758814
    ],
    "pearson_correlations": [
      -0.15738865733146667,
      -0.03190228343009949,
      0.031074069440364838,
      0.06347739696502686,
      0.05404624342918396,
      0.04893483221530914,
      0.013458251953125,
      -0.08910638093948364,
      -0.07736483216285706,
      0.06068091467022896,
      -0.23467834293842316,
      0.22002243995666504,
      -0.14381097257137299,
      -0.0860520750284195,
      -0.1278066784143448,
      0.10792865604162216,
      0.08346495032310486,
      -0.2406703233718872,
      -0.0018789470195770264,
      -0.1982051432132721
    ],
    "pearson_pvalues": [
      0.2962019267817689,
      0.8333002199750614,
      0.8375691716593999,
      0.675143419665034,
      0.7212919609401823,
      0.7467317565993165,
      0.9292645201808089,
      0.5559351626850869,
      0.6093228700147276,
      0.6887139914192073,
      0.11644396094047707,
      0.1417596701762387,
      0.3403370692605441,
      0.5696086017483235,
      0.3973014605036005,
      0.47525688089275375,
      0.5813103110361326,
      0.10714376978293313,
      0.9901119712692897,
      0.18668781285559055
    ],
    "rmses": [
      0.007947562657943918,
      0.012915332372612227,
      0.011799091740108509,
      0.027894508357934087,
      0.01289690586713752,
      0.016061229150404376,
      0.01362019001750575,
      0.013672421542381017,
      0.010735979372461495,
      0.012946052937434378,
      0.010684318754337722,
      0.009173561744637604,
      0.010436295741324375,
      0.015516430127835809,
      0.010467273497722909,
      0.00945813550651187,
      0.012599163741469898,
      0.022756147376600196,
      0.011679306057933688,
      0.008259597900224083
    ],
    "maes": [
      0.006105876062065363,
      0.009555156342685223,
      0.009714854881167412,
      0.025030840188264847,
      0.010766344144940376,
      0.01259500440210104,
      0.011547555215656757,
      0.00984147097915411,
      0.008096457459032536,
      0.010911203920841217,
      0.008216294459998608,
      0.007731583900749683,
      0.008429528214037418,
      0.012341707944869995,
      0.00841306708753109,
      0.0076245469972491264,
      0.010362046770751476,
      0.018408557400107384,
      0.009351697750389576,
      0.006173713598400354
    ],
    "valid_samples": [
      46,
      46,
      46,
      46,
      46,
      46,
      46,
      46,
      46,
      46,
      46,
      46,
      46,
      46,
      46,
      46,
      46,
      46,
      46,
      46
    ],
    "total_samples": [
      46,
      46,
      46,
      46,
      46,
      46,
      46,
      46,
      46,
      46,
      46,
      46,
      46,
      46,
      46,
      46,
      46,
      46,
      46,
      46
    ],
    "missing_ratios": [
      0.0,
      0.0,
      0.0,
      0.0,
      0.0,
      0.0,
      0.0,
      0.0,
      0.0,
      0.0,
      0.0,
      0.0,
      0.0,
      0.0,
      0.0,
      0.0,
      0.0,
      0.0,
      0.0,
      0.0
    ],
    "mean_spearman": -0.02760407030527289,
    "median_spearman": -0.03348751156336725,
    "mean_pearson": -0.03528884798288345,
    "median_pearson": -0.016890615224838257,
    "mean_rmse": 0.013075975223226071,
    "median_rmse": 0.012199127740789203,
    "mean_mae": 0.01056087538599968,
    "median_mae": 0.009635005611926317,
    "target_names": [
      "target_0",
      "target_1",
      "target_2",
      "target_3",
      "target_4",
      "target_5",
      "target_6",
      "target_7",
      "target_8",
      "target_9",
      "target_10",
      "target_11",
      "target_12",
      "target_13",
      "target_14",
      "target_15",
      "target_16",
      "target_17",
      "target_18",
      "target_19"
    ],
    "n_targets": 20,
    "official_competition_score": 0.2550383695598246,
    "daily_rank_correlations": [
      0.10075187969924812,
      0.2045112781954887,
      -0.009022556390977442,
      -0.016541353383458645,
      -0.025563909774436087,
      0.26616541353383455,
      -0.07368421052631578,
      -0.016541353383458645,
      -0.037593984962406006,
      0.09022556390977443,
      0.13984962406015036,
      0.22105263157894736,
      0.29473684210526313,
      -0.04210526315789473,
      -0.013533834586466165,
      -0.006015037593984962,
      -0.5263157894736841,
      -0.2721804511278195,
      0.07669172932330826,
      0.23759398496240602,
      0.5699248120300752,
      0.13834586466165413,
      0.3142857142857143,
      -0.26165413533834586,
      0.0015037593984962405,
      0.1819548872180451,
      0.2781954887218045,
      0.10225563909774435,
      0.22406015037593985,
      -0.010526315789473682,
      0.27518796992481204,
      -0.17593984962406017,
      0.4360902255639097,
      -0.13082706766917293,
      -0.22406015037593985,
      -0.04210526315789473,
      0.09774436090225563,
      0.3744360902255639,
      -0.25864661654135335,
      -0.13984962406015036,
      0.2857142857142857,
      0.20601503759398496,
      0.1413533834586466,
      -0.12330827067669171,
      -0.3233082706766917,
      -0.010526315789473682
    ],
    "mean_daily_correlation": 0.05475645635828702,
    "std_daily_correlation": 0.21469889590649513,
    "median_daily_correlation": 0.03909774436090225,
    "positive_days": 24,
    "total_days": 46,
    "positive_day_ratio": 0.5217391304347826,
    "n_samples": 46
  },
  "competition_score": 0.2550383695598246
}